iter	Logloss
0	0.6689651585
1	0.6474051353
